Palabra,Frecuencia
partes,246
convención,154
desarrollo,140
cp,130
transferencia,115
actividades,110
tecnología,110
países,99
sesiones,93
aplicación,92
anexo,88
artículo,88
período,85
grupo,82
cambio,81
conferencia,79
climático,78
decisión,77
i,77
nacionales,73
información,69
expertos,68
º,64
tecnologías,64
medidas,64
página,62
fccccpadd,62
secretaría,62
párrafo,60
marco,59
programa,57
organizaciones,54
fondo,54
labor,52
apoyo,51
necesidades,50
trabajo,49
pertinentes,47
incluidas,47
programas,45
informe,45
b,45
fin,44
cuenta,43
medio,43
examen,43
emisiones,43
particular,43
presente,39
recursos,38
ejecución,37
mundial,37
financiación,36
ambiente,35
comunicaciones,34
c,34
pide,34
cooperación,33
d,33
informes,32
órgano,32
adaptación,32
resultados,32
subsidiario,30
mejorar,30
evaluación,29
promover,28
internacionales,28
iniciativas,27
naciones,27
unidas,27
parte,27
presupuesto,27
conformidad,26
órganos,26
capacidad,26
recomendaciones,25
deforestación,25
contribuciones,25
intergubernamentales,25
diciembre,24
gastos,24
bosques,24
privado,24
financiero,23
decide,22
recordando,22
acceso,22
derivadas,22
menos,22
decisiones,21
adelantados,21
financieros,21
mediante,21
invita,21
párrafos,21
internacional,21
kyoto,20
cuarto,20
protocolo,20
escala,20
clima,20
relación,20
total,20
gett,20
reuniones,19
eficacia,19
sector,19
regionales,19
reunión,19
participación,19
proyectos,19
siguientes,18
períodos,18
público,18
facilitar,18
degradación,18
fomento,17
colaboración,17
reducción,17
república,17
bienio,17
subsidiarios,17
servicios,17
ii,17
financieras,17
adopción,16
realización,16
según,16
cuadro,16
plenaria,16
cosas,16
base,16
cuestiones,16
mitigación,16
sesión,16
así,16
hacer,16
previstas,15
calidad,15
deberían,15
documento,15
todas,15
sostenible,15
medios,15
octava,15
nacional,15
instituciones,15
racionales,14
conviene,14
evaluaciones,14
relativas,14
despliegue,14
fondos,14
evaluar,14
fiduciario,14
nota,14
posible,14
plazo,14
condiciones,14
lecciones,14
difusión,14
gobierno,14
aprendidas,14
mandato,14
asesoramiento,14
osact,14
directrices,14
mecanismo,13
proceda,13
figura,13
alentar,13
ent,13
capacitación,13
eeuu,13
intergubernamental,13
demostración,13
cada,13
tardar,13
dólares,12
científico,12
iniciativa,12
f,12
fuentes,12
intercambio,12
presentación,12
inversión,12
además,12
disposiciones,12
procesos,12
investigación,12
general,12
técnico,12
instrumentos,11
examinar,11
determinar,11
arreglo,11
circunstancias,11
costos,11
apoyar,11
reducir,11
mecanismos,11
celebración,11
g,11
funciones,11
crear,11
objetivo,11
pedir,11
prácticas,11
aplicar,11
tecnológico,11
preparación,11
orientación,11
miembro,11
enfoques,11
documentos,11
ser,11
ttclear,11
objetivos,11
alienta,11
relacionadas,10
conjunto,10
organismos,10
interesados,10
realizar,10
agradecimiento,10
dos,10
ejecutivo,10
ajustada,10
fcccsbi,10
secretario,10
propuestas,10
principales,10
consciente,10
organización,10
acuerdos,10
proceso,10
frente,10
técnica,10
cabo,10
seguir,10
largo,10
incentivos,10
ecológicamente,10
ayudar,10
nuevas,10
adicionales,10
incluida,10
sectores,10
multilaterales,10
formas,9
figuran,9
pueden,9
años,9
experiencias,9
prepare,9
técnicos,9
preparar,9
efectos,9
experiencia,9
plan,9
insta,9
miembros,9
existentes,9
invernadero,9
puede,9
gases,9
fecha,9
entornos,9
análisis,9
sufragar,9
examine,9
elementos,9
realizados,9
carbono,9
efecto,9
necesidad,9
dispuesto,9
nueva,9
podría,8
debería,8
uso,8
invitar,8
llevar,8
sinergias,8
gubernamentales,8
siga,8
especial,8
bali,8
incluidos,8
opciones,8
fomentar,8
conferencias,8
proyecto,8
toma,8
avances,8
básico,8
iii,8
tecnológica,8
podrían,8
datos,8
objeto,8
actuales,8
cumplir,8
red,8
agentes,8
estrategias,8
mejor,8
mayor,8
energía,7
virtud,7
formular,7
procedimientos,7
aprueba,7
regional,7
empresas,7
posibles,7
gobiernos,7
señaladas,7
manera,7
contribución,7
síntesis,7
pueda,7
referencia,7
insulares,7
función,7
esferas,7
pequeños,7
convenciones,7
enero,7
personal,7
tema,7
hacerlo,7
indica,7
diálogo,7
conocimientos,7
eficaces,7
fmam,7
euros,7
proporcionar,7
prestar,7
talleres,7
forma,7
grupos,7
opiniones,7
innovadores,7
políticas,7
mundiales,7
endógenas,7
examinado,7
propicios,7
vulnerables,6
determinación,6
temas,6
asamblea,6
observación,6
oportunidades,6
observando,6
recomendadas,6
reducciones,6
estudiar,6
divulgación,6
indicadores,6
cinco,6
niveles,6
ong,6
p,6
funcionamiento,6
tomando,6
competentes,6
si,6
párr,6
adecuados,6
puedan,6
lograr,6
fcccsbsta,6
prioridades,6
centros,6
positivos,6
específicos,6
capacidades,6
add,6
nivel,6
relativa,6
supra,6
poner,6
lugar,6
indonesia,6
comunicación,6
significativas,6
serie,6
infra,6
tipo,6
financiera,6
hagan,6
obstáculos,6
ejemplo,6
suplementarias,6
periódicamente,6
iv,6
asociaciones,6
respuesta,6
adoptadas,6
marzo,6
conducto,6
redes,6
asistencia,6
realizada,6
necesarias,6
futuras,6
establecimiento,5
respecta,5
esfera,5
ofrecer,5
sensibilización,5
cuestión,5
incluido,5
reposición,5
necesario,5
continuación,5
población,5
trabajos,5
buenas,5
traducción,5
distribución,5
operacional,5
identificación,5
presentar,5
incrementales,5
adversos,5
conjuntamente,5
h,5
concretas,5
taller,5
distintas,5
integrada,5
ter,5
sistemas,5
intercambiar,5
criterios,5
compromisos,5
desarrollados,5
previsto,5
mejores,5
nuevos,5
país,5
desarrollar,5
complementado,5
entidad,5
deberán,5
dicho,5
apoyando,5
contexto,5
parcial,5
cargo,5
deberá,5
convenidos,5
llegar,5
reserva,5
delhi,5
intensificar,5
urgente,5
recopilación,5
especialistas,5
enmendado,5
aumentar,5
utilizando,5
id,5
progresos,5
acción,5
acelerar,5
promoción,5
esfuerzos,5
eficaz,5
respecto,5
fortalecer,5
adicional,5
obligaciones,5
creación,5
utilizar,5
v,5
reservas,5
aumento,5
gestión,5
particularmente,4
miras,4
vulnerabilidad,4
forestales,4
procedente,4
importantes,4
industria,4
innovación,4
disposición,4
tercer,4
práctica,4
ciclo,4
públicos,4
respuestas,4
ámbito,4
dentro,4
agencia,4
innovadoras,4
dinamarca,4
duración,4
semanas,4
métodos,4
mantener,4
anfitrión,4
elaborar,4
ose,4
año,4
mejorarla,4
formulan,4
principal,4
sigan,4
eurosa,4
presidente,4
inocuas,4
tal,4
carencias,4
manual,4
mencionadas,4
elaboración,4
atención,4
necesarios,4
toda,4
comprendido,4
actual,4
utilidad,4
institución,4
éstos,4
pública,4
política,4
resultantes,4
contenida,4
expresa,4
encargada,4
subregional,4
web,4
facilitando,4
disponible,4
aspectos,4
factores,4
riesgo,4
posibilidades,4
sistema,4
atender,4
transición,4
economías,4
planos,4
intensificación,4
relativo,4
conclusiones,4
principios,4
clave,4
siguiente,4
curso,4
locales,4
anuales,4
indicativa,4
futuro,4
tomar,4
ampliar,4
guía,4
presenten,4
cooperar,4
caso,4
polonia,4
especialmente,4
material,4
cambios,4
carácter,4
ccinet,4
asimismo,4
comunicar,4
resolución,4
calendario,4
recientes,4
estratégico,4
difundir,4
operaciones,4
ambientalmente,4
fines,4
quinto,4
fccccp,4
banco,4
contribuir,4
informar,4
consejo,3
corrientes,3
aprobar,3
eficiencia,3
cumplimiento,3
capítulo,3
servicio,3
pnud,3
pnuma,3
acogiendo,3
conjuntos,3
reconocimiento,3
capital,3
marcha,3
diferentes,3
vi,3
después,3
memorando,3
entendimiento,3
organizar,3
destinados,3
secciones,3
estimados,3
ingresos,3
anualmente,3
idiomas,3
conexa,3
observa,3
metodológicas,3
vigilancia,3
institucionales,3
aportación,3
usuarios,3
potenciar,3
excelente,3
seis,3
j,3
aprovechando,3
coherente,3
guinea,3
áfrica,3
islas,3
posteriores,3
incluya,3
responsabilidades,3
comunes,3
diferenciadas,3
sociales,3
éste,3
podrán,3
mencionados,3
coordinación,3
movilizar,3
sujeción,3
apartado,3
ocho,3
asociados,3
repercusiones,3
económica,3
resiliencia,3
ordenación,3
inventarios,3
título,3
hace,3
anterior,3
tratar,3
fundamental,3
social,3
criterio,3
categorías,3
centrados,3
jóvenes,3
subnacionales,3
potenciales,3
consulta,3
experimental,3
bases,3
cuartas,3
orgánico,3
inversiones,3
sostenibles,3
demora,3
alcanzar,3
presentan,3
mediano,3
especificadas,3
véase,3
económicas,3
febrero,3
adoptar,3
previstos,3
aportaciones,3
círculos,3
analizar,3
conjunta,3
establecer,3
importante,3
correspondientes,3
intermedio,3
educación,3
acerca,3
relacionados,3
proporcionando,3
descritas,3
basarse,3
reproducción,3
evitar,3
especializados,3
destinadas,3
enfoque,3
regiones,3
estimación,3
fcccsbiinf,3
revisadas,3
provisional,3
apartados,3
refiere,3
inclusión,3
condición,3
realizará,3
aprobación,3
administrativos,3
primer,3
vicepresidente,3
sac,3
número,3
participen,3
específicas,3
expresando,3
apropiado,3
institucional,3
estudio,3
totales,3
incurran,3
integrar,3
tener,3
fcccsbstainf,3
contar,3
segundo,3
junio,3
debe,3
proponer,3
examinen,3
diferencias,3
estimular,3
ampliamente,3
multilateral,3
cuatro,3
mandatos,3
mitad,3
noviembre,3
incluye,3
esfuerzo,3
proporcionadas,3
próximo,3
aprobadas,3
satisfacción,3
específicamente,3
democrática,3
sectoriales,3
enlace,3
sociedad,3
civil,3
segunda,2
acuerdo,2
claros,2
endógeno,2
conservación,2
corea,2
popular,2
ofrecimiento,2
mercados,2
suministro,2
dar,2
coincidencia,2
basan,2
enumeran,2
periódicos,2
medida,2
integración,2
incentivar,2
unión,2
mitiguen,2
preparados,2
pertinente,2
puntualidad,2
aliente,2
ulterior,2
catalizar,2
europea,2
acciones,2
asociación,2
través,2
ultimar,2
acoger,2
privada,2
promotores,2
resulte,2
decimonoveno,2
extraordinario,2
logros,2
adelante,2
abanico,2
simplificando,2
prioridad,2
ayuda,2
influir,2
adecuada,2
reforma,2
fccctp,2
dialogueworkingpaperpdf,2
continúe,2
energética,2
sólida,2
incluirse,2
lleven,2
exámenes,2
realizadas,2
globales,2
velando,2
aumentando,2
utilizado,2
inmediata,2
precisan,2
apropiadas,2
constante,2
entorno,2
movilicen,2
cuantiosos,2
lucha,2
asegurar,2
desembolso,2
puntual,2
k,2
l,2
informando,2
preocupaciones,2
especiales,2
corresponda,2
preste,2
apropiados,2
controlar,2
enumerados,2
estructura,2
definiciones,2
relativos,2
acogida,2
estimaciones,2
aumentos,2
recomienda,2
evaluarse,2
nairobi,2
puestos,2
metodológicos,2
determinadas,2
estrechamente,2
tecnológicas,2
futuros,2
procede,2
constituir,2
foro,2
impulsadas,2
adoptarse,2
creando,2
plataforma,2
obtener,2
prosigan,2
intercambien,2
programáticas,2
observaciones,2
temáticos,2
colectiva,2
facilite,2
formuladas,2
participantes,2
representa,2
negociaciones,2
italia,2
formulación,2
planteamientos,2
basa,2
ocasiones,2
deficiencias,2
impulsar,2
interesadas,2
representantes,2
continuo,2
proseguir,2
prioritarias,2
bajos,2
conocer,2
comunitarias,2
causas,2
planes,2
disponibilidad,2
suplementarios,2
examinarlo,2
abordar,2
opinión,2
identificar,2
comprender,2
basándose,2
foros,2
consiguiente,2
normalmente,2
encaminadas,2
plena,2
pobreza,2
fcccsbstamisc,2
deben,2
estratégicas,2
perjuicio,2
voluntario,2
tierra,2
subregionales,2
prioritario,2
operacionales,2
realicen,2
organizando,2
mejorarse,2
resolver,2
asociadas,2
centro,2
reforzar,2
publicaciones,2
expresadas,2
privados,2
temáticas,2
apoyen,2
presten,2
proporcionan,2
presentado,2
formato,2
hechas,2
contiene,2
aprobados,2
complementar,2
vista,2
debates,2
saber,2
prórroga,2
adoptando,2
haciendo,2
destacando,2
global,2
permita,2
comunidades,2
problema,2
múltiples,2
indirectos,2
último,2
establece,2
práctico,2
promoviendo,2
cualquier,2
podrá,2
designado,2
pagaderas,2
puntualmente,2
consignaciones,2
alemania,2
anual,2
valor,2
periódico,2
partiendo,2
efectuados,2
designe,2
prestarán,2
prevista,2
preciso,2
reconociendo,2
causa,2
tenerse,2
cuantía,2
saldos,2
utilizados,2
saldo,2
arrastrado,2
ejercicios,2
económicos,2
reúnan,2
ello,2
indicadas,2
preparado,2
situado,2
puntos,2
tres,2
américa,2
designados,2
aplican,2
ordinario,2
adopte,2
elabore,2
allá,2
basará,2
científica,2
investigadores,2
totalidad,2
licencias,2
emisoras,2
previsión,2
relacionado,2
mencionada,2
refuercen,2
fechas,2
establecidos,2
acuerda,2
consignación,2
estimadas,2
cuales,2
alternarán,2
distintos,2
oficiales,2
haga,2
provincia,2
favorables,2
nortesur,2
sursur,2
requerirá,2
anteriores,2
indicativas,2
oficina,2
favor,2
celebrará,2
cargos,2
mismo,2
dge,2
ida,2
aft,2
atc,2
mds,2
aj,2
ejemplos,2
consultivo,2
principio,2
lleve,2
término,2
comerciales,2
verificables,2
generales,2
ssg,2
previsibles,2
plenamente,2
dificultan,2
lista,2
verificación,2
desarrollando,2
encuestas,2
establecido,2
denominado,2
presentará,2
dólar,2
asuntos,2
categoría,2
eventuales,2
miles,2
calculado,2
interpretación,2
documentación,2
páginas,2
revisión,2
unas,2
final,2
bienal,2
derechos,2
posibilidad,2
vínculos,2
proveedores,2
estudios,2
congo,2
unidos,2
asequibles,2
soluciones,2
sueldos,2
viajes,2
dietas,2
delegado,2
requisitos,2
participe,2
renovable,2
académicos,2
promuevan,2
vez,2
vigilar,2
adecuadas,2
favorecer,2
desertificación,2
riesgos,2
irlanda,2
árabe,2
aprendizaje,2
industrial,2
agricultura,2
alimentación,2
considerar,2
excelencia,2
públicas,2
privadas,2
cap,2
añoa,2
costo,2
español,2
firmar,2
celebrarán,2
aceptar,2
celebrado,2
promueva,2
emergentes,2
inversores,2
responsables,2
indicados,2
recomendar,2
aún,2
estudie,2
mixto,2
buscar,2
proactiva,2
incrementar,2
mitigar,2
pequeña,2
gran,2
papel,2
conjuntas,2
incorporar,2
distancia,2
presentes,2
consecuencias,2
vii,2
catalizadora,2
san,2
prosiga,2
consultas,2
negocie,2
copenhague,1
reúnen,1
logísticos,1
tome,1
mayo,1
habiéndose,1
adición,1
ge,1
turquía,1
turkmenistán,1
túnez,1
tabago,1
trinidad,1
tonga,1
togo,1
timorleste,1
tayikistán,1
tailandia,1
swazilandia,1
suriname,1
suiza,1
suecia,1
sudán,1
sudáfrica,1
desempeñar,1
infraestructura,1
agrupar,1
compartir,1
apalancar,1
potencial,1
tratando,1
participan,1
aumenten,1
cofinanciación,1
impulsen,1
selectivos,1
subsidios,1
tales,1
ofreciendo,1
poznan,1
fomenten,1
favorezca,1
triple,1
socialmente,1
participado,1
buenos,1
empleo,1
actividad,1
experto,1
profesionales,1
receptores,1
ministerios,1
intercambios,1
gestionar,1
medianas,1
pequeñas,1
positivas,1
encontrado,1
ésta,1
inste,1
actúe,1
procurar,1
asiapacífico,1
comercio,1
ir,1
útil,1
considere,1
comisión,1
gem,1
ambientales,1
ventajas,1
miden,1
éxito,1
aseguren,1
señalar,1
autoevaluación,1
contengan,1
interacción,1
cumplan,1
ideas,1
transformar,1
autores,1
financiar,1
seminarios,1
becas,1
paralelos,1
actos,1
ferias,1
desee,1
retención,1
johannesburgo,1
coalición,1
alianza,1
cumbre,1
creado,1
dedicadas,1
estrechar,1
alienten,1
plataformas,1
guardan,1
prestan,1
voluntarios,1
notificar,1
solicitar,1
centrarse,1
establecerán,1
contacto,1
tras,1
aprueben,1
evolutivo,1
disponer,1
vistas,1
contenga,1
complementada,1
regularmente,1
propia,1
ulteriores,1
fundamento,1
sirvan,1
cuanto,1
región,1
conexas,1
abarcar,1
aceleren,1
participar,1
exista,1
limiten,1
ausencia,1
intelectual,1
propiedad,1
consideración,1
someterse,1
mercado,1
demanda,1
empuje,1
prestando,1
actualizaciones,1
organizados,1
satisfacer,1
conexo,1
establecida,1
clientes,1
actualizar,1
describe,1
ultimaron,1
seleccionadas,1
previsibilidad,1
adecuación,1
utilización,1
efectuado,1
margen,1
milenio,1
actualizado,1
difunda,1
referencias,1
actualice,1
segundas,1
actualizada,1
incorporen,1
x,1
ix,1
viii,1
urgentemente,1
resuelta,1
difundirlos,1
actuaciones,1
coordinar,1
periódicas,1
asiático,1
africano,1
representación,1
invitarse,1
procedentes,1
caribe,1
latina,1
pacífico,1
asia,1
decir,1
integrado,1
composición,1
considerarán,1
exponen,1
someter,1
posiblemente,1
designará,1
entonces,1
partir,1
equilibrio,1
ejercerán,1
inicialmente,1
pongan,1
terminado,1
realizado,1
todavía,1
ultimado,1
permitir,1
señaló,1
consecutivos,1
particulares,1
trabajará,1
proximidad,1
asignado,1
renuncia,1
línea,1
obtención,1
orientado,1
convertido,1
desarrollada,1
considerarse,1
espera,1
refieren,1
concretos,1
sucesores,1
permanecerán,1
contarán,1
nombramientos,1
reunirá,1
preparará,1
facilitará,1
abajo,1
enumeradas,1
propuesto,1
cronológico,1
mejoramiento,1
constituyendo,1
siguen,1
economía,1
alguna,1
proceder,1
elegirá,1
resto,1
sustituirle,1
comprensión,1
contribuido,1
últimos,1
modelos,1
siendo,1
sigue,1
existente,1
sirven,1
permite,1
modo,1
equilibrar,1
limitadas,1
imperiosa,1
organizarse,1
permiten,1
veces,1
erradicación,1
económico,1
reafirmando,1
atendiendo,1
entidades,1
lleva,1
transversales,1
entraña,1
deliberaciones,1
ultimadas,1
séptimo,1
elaboraron,1
solicitado,1
calentamiento,1
servirán,1
formulará,1
identifiquen,1
bilateral,1
detallan,1
precisar,1
change,1
climate,1
for,1
assessments,1
sustantivos,1
forman,1
prácticos,1
hacerse,1
detalladas,1
aplicarse,1
considerando,1
respondiendo,1
socioeconómicos,1
científicos,1
oportuna,1
aprovechen,1
conciernen,1
socioeconómica,1
perspectiva,1
proporciona,1
autorizada,1
exhaustiva,1
considera,1
gratitud,1
acoge,1
brinde,1
comuniquen,1
designen,1
importancia,1
efectivo,1
proporcione,1
reconstituir,1
comprendidas,1
complementarían,1
needs,1
technology,1
conducting,1
utilicen,1
coordinen,1
solicite,1
consulte,1
oportuno,1
hacerlas,1
aquellas,1
coherencia,1
nº,1
estudiando,1
recomiende,1
presentadas,1
compile,1
disponibles,1
párrs,1
puesto,1
facilitadores,1
complemento,1
propicio,1
gama,1
extensa,1
sirviendo,1
propósito,1
metodología,1
renovables,1
energías,1
forja,1
contribuyen,1
emprendidas,1
estrecha,1
generalizada,1
amplio,1
exigen,1
subrayando,1
referidas,1
crucial,1
problemas,1
logro,1
complementariedad,1
reformas,1
agilizando,1
consultores,1
siempre,1
prioritariamente,1
recurrir,1
puesta,1
obtenido,1
progreso,1
encargará,1
transparencia,1
claridad,1
aumente,1
proporcionada,1
guarden,1
petición,1
detenimiento,1
cuya,1
límites,1
independientes,1
descripción,1
figurar,1
ponerse,1
comunicarse,1
biológica,1
diversidad,1
subraya,1
mejorando,1
cuál,1
experimentación,1
estratégica,1
dificultades,1
convenio,1
compatibles,1
hacia,1
paso,1
apliquen,1
pasado,1
punto,1
desplazamientos,1
detectar,1
examinarse,1
dimanantes,1
reciben,1
defensa,1
erg,1
corr,1
comienzo,1
financiado,1
impartida,1
adoptado,1
fcccsbimisc,1
prestación,1
aprueban,1
posteriormente,1
señalan,1
ajuste,1
junto,1
vele,1
ayude,1
cuarta,1
tercera,1
preparando,1
perfeccione,1
nombrarse,1
figuren,1
asesor,1
atribuciones,1
prorrogar,1
metodologías,1
regularidad,1
efectuarse,1
transparentes,1
demostrables,1
realizarse,1
prevé,1
hechos,1
ª,1
situaciones,1
vigentes,1
preparen,1
surgir,1
presentada,1
apoye,1
correspondiente,1
desplegados,1
recomendación,1
mencionado,1
prorrogarlo,1
dehli,1
artículos,1
estime,1
inicio,1
respectivos,1
determinen,1
ocupando,1
culturalmente,1
método,1
materia,1
dirigen,1
prioritarios,1
igual,1
variará,1
incumbe,1
alcance,1
contribuirá,1
comprenden,1
bilaterales,1
respaldar,1
apoyado,1
respalde,1
ejecutar,1
brindar,1
orientar,1
programación,1
repetición,1
requerirán,1
señalando,1
impactos,1
agraven,1
aumenta,1
estabilización,1
significativamente,1
limita,1
inequívoco,1
acrecentar,1
comprenda,1
preferido,1
medir,1
difícil,1
fácil,1
resultará,1
aunque,1
realizan,1
obstaculizar,1
falta,1
obstante,1
vincularse,1
tomado,1
mejora,1
activamente,1
trabajan,1
muchas,1
adecuado,1
guiará,1
diversas,1
mencionan,1
marrakech,1
consultarse,1
septiembre,1
agosto,1
roma,1
elaborado,1
antecedentes,1
momento,1
respondan,1
flexible,1
sientan,1
rectores,1
cuantificar,1
oportunidad,1
ofrecen,1
competencia,1
directivo,1
adscripción,1
abarquen,1
organice,1
misc,1
recopilarán,1
desplazamiento,1
dirigidos,1
reflejan,1
sistemático,1
holístico,1
interdisciplinario,1
gradual,1
adaptarse,1
gobernanza,1
alianzas,1
debate,1
retroinformación,1
lingüísticas,1
alfabetización,1
índices,1
internet,1
entender,1
requieran,1
suministrando,1
comportamiento,1
individuales,1
fomentando,1
adecuadamente,1
definirían,1
etc,1
empresarios,1
causadas,1
debidos,1
forestal,1
cubierta,1
pendientes,1
cómo,1
encaminados,1
referirse,1
meta,1
elemento,1
estructurarse,1
destinatarios,1
asumidas,1
leyes,1
traducidas,1
dominio,1
activas,1
indicación,1
personas,1
sitios,1
direcciones,1
consignen,1
incluir,1
asignarle,1
facilitarle,1
designar,1
etapas,1
cronológicos,1
marcos,1
prácticascomportamientos,1
conocimientosactitudes,1
sondeos,1
centrada,1
docentes,1
formación,1
silvicultura,1
invitado,1
usen,1
disciplinas,1
autor,1
amparadas,1
obras,1
protección,1
aplicables,1
normas,1
pedagógico,1
facilidad,1
funcionalidad,1
perfeccionando,1
portales,1
respalden,1
estatales,1
contenidas,1
m,1
negociación,1
intervención,1
comprendida,1
recabar,1
fundamentales,1
versiones,1
servir,1
inicial,1
aportar,1
establezcan,1
eficiente,1
duplicaciones,1
coordinado,1
éstas,1
intensifiquen,1
adaptar,1
traducir,1
fáciles,1
diagramas,1
ordinarios,1
secretarías,1
competencias,1
celebrar,1
previa,1
transmisión,1
canales,1
surjan,1
subsanadas,1
use,1
emprendan,1
planteen,1
estudien,1
estimar,1
atiendan,1
adquirida,1
alcanzados,1
informen,1
llevará,1
fortalecimiento,1
sexta,1
quinta,1
faciliten,1
fortaleciendo,1
adopten,1
atenderse,1
indígenas,1
fuente,1
presentados,1
pertinencia,1
disponga,1
quinquenal,1
coordinadas,1
publicarán,1
recabando,1
reexaminar,1
detallados,1
inmediato,1
vigor,1
entrarán,1
esenciales,1
climáticas,1
variables,1
revisar,1
sextas,1
fijar,1
solamente,1
electrónico,1
presentarse,1
consonancia,1
demostrado,1
concluye,1
tercero,1
estables,1
afirmando,1
complejidad,1
conservar,1
sostenida,1
iniciar,1
urgencia,1
fuertes,1
conexos,1
beneficios,1
generar,1
provisionales,1
administrativas,1
véanse,1
sistemáticas,1
varios,1
conocimiento,1
marzoabril,1
primero,1
indicativo,1
especie,1
brinden,1
encarecidamente,1
sustantivo,1
visión,1
voluntaria,1
reitera,1
pagado,1
abonado,1
antropógenas,1
agostoseptiembre,1
cantidad,1
comunidad,1
empresariales,1
abordando,1
acordada,1
conclusión,1
prolongue,1
ahora,1
comience,1
delegados,1
considerable,1
millones,1
retiren,1
deduce,1
examinando,1
adoptada,1
agregado,1
límite,1
transferencias,1
efectuar,1
autoriza,1
primera,1
recopiladas,1
encarga,1
sexagésimo,1
asignar,1
decida,1
añadirá,1
recomendado,1
apruebe,1
abarca,1
plantilla,1
ajustes,1
proponga,1
abril,1
precisen,1
demás,1
complementarse,1
respectivas,1
común,1
ocupado,1
deducidas,1
íntegramente,1
paguen,1
tomen,1
reduzca,1
sección,1
ninguna,1
empleado,1
anfitrióng,1
operacionalf,1
generalese,1
secretaríad,1
necesaria,1
frecuencia,1
programarán,1
comenzará,1
concluirá,1
ayudarles,1
programasb,1
precedente,1
detalle,1
grado,1
presupuestarias,1
administrativo,1
concepto,1
estándar,1
gestionados,1
notificables,1
mensurables,1
facilitación,1
movilización,1
oficial,1
financian,1
sa,1
adjunto,1
jurídicos,1
ciencia,1
ejecutivas,1
dirección,1
provisión,1
facilitadas,1
apoyadas,1
comparabilidad,1
asegurando,1
limitación,1
cuantificados,1
destinada,1
director,1
subsecretario,1
superiores,1
superioresa,1
dotación,1
equivalente,1
mantendrá,1
elevará,1
producidas,1
copias,1
presupone,1
aproximadamente,1
alrededor,1
plantearán,1
proyecciones,1
producción,1
promedio,1
volumen,1
superior,1
hipótesis,1
reunionesc,1
documentaciónb,1
interpretacióna,1
congelarán,1
incluyen,1
intérpretes,1
ningún,1
producirá,1
supuesto,1
bajo,1
beneficien,1
índole,1
ampliación,1
suprimir,1
mejorados,1
utilizadas,1
cifras,1
ginebra,1
comprende,1
limitada,1
metodológica,1
analítica,1
sucesor,1
informático,1
insular,1
pequeño,1
pág,1
págs,1
resumen,1
verificable,1
notificable,1
mensurable,1
diversificación,1
telecomunicaciones,1
envío,1
mecanografiado,1
tasa,1
desastre,1
casos,1
recuperación,1
continuidad,1
sitio,1
francés,1
portal,1
examinadores,1
equipos,1
comité,1
atribuidas,1
cantidades,1
contabilidad,1
mantenimiento,1
actualización,1
bahrein,1
bahamas,1
azerbaiyán,1
austria,1
australia,1
armenia,1
argentina,1
argelia,1
saudita,1
arabia,1
barbuda,1
antigua,1
angola,1
albania,1
afganistán,1
media,1
burundi,1
faso,1
burkina,1
bulgaria,1
brasil,1
botswana,1
herzegovina,1
bosnia,1
bolivia,1
bhután,1
benin,1
belice,1
bélgica,1
belarús,1
barbados,1
bangladesh,1
cuba,1
croacia,1
divoire,1
côte,1
rica,1
costa,1
comoras,1
colombia,1
chipre,1
china,1
chile,1
chad,1
canadá,1
camerún,1
camboya,1
verde,1
fiji,1
rusia,1
federación,1
etiopía,1
estonia,1
españa,1
eslovenia,1
eslovaquia,1
eritrea,1
árabes,1
emiratos,1
salvador,1
egipto,1
ecuador,1
dominica,1
djibouti,1
hungría,1
honduras,1
haití,1
guyana,1
guineabissau,1
ecuatorial,1
guatemala,1
grecia,1
granada,1
ghana,1
georgia,1
gambia,1
gabón,1
francia,1
finlandia,1
filipinas,1
israel,1
salomón,1
marshall,1
cook,1
islandia,1
islámica,1
daños,1
pérdidas,1
desastres,1
seguros,1
repartición,1
inundaciones,1
sequía,1
afectados,1
irán,1
india,1
líbano,1
letonia,1
lesotho,1
macedonia,1
yugoslava,1
ex,1
kuwait,1
kiribati,1
kirguistán,1
kenya,1
kazajstán,1
jordania,1
japón,1
jamaica,1
libia,1
jamahiriya,1
federados,1
micronesia,1
méxico,1
mauritania,1
mauricio,1
marruecos,1
malta,1
malí,1
maldivas,1
malawi,1
malasia,1
madagascar,1
luxemburgo,1
lituania,1
liechtenstein,1
liberia,1
omán,1
zelandia,1
noruega,1
niue,1
nigeria,1
níger,1
nicaragua,1
nepal,1
nauru,1
namibia,1
myanmar,1
mozambique,1
montenegro,1
mongolia,1
mónaco,1
moldova,1
bretaña,1
unido,1
reino,1
qatar,1
portugal,1
inmediatas,1
apremiantes,1
resistente,1
sectorial,1
planificación,1
perú,1
paraguay,1
papua,1
panamá,1
palau,1
pakistán,1
samoa,1
nevis,1
kitts,1
saint,1
rwanda,1
rumania,1
promoverlas,1
diversos,1
tanzanía,1
unida,1
dominicana,1
lao,1
checa,1
centroafricana,1
siria,1
norte,1
lanka,1
sri,1
singapur,1
leona,1
sierra,1
seychelles,1
serbia,1
senegal,1
granadinas,1
vicente,1
príncipe,1
tomé,1
santo,1
lucía,1
santa,1
marino,1
s,1
dispensado,1
distr,1
original,1
inglés,1
confirmación,1
mesa,1
transmita,1
hecho,1
haber,1
profundo,1
invitación,1
reunido,1
uganda,1
ucrania,1
tuvalu,1
zambia,1
yemen,1
nam,1
viet,1
bolivariana,1
venezuela,1
vanuatu,1
uzbekistán,1
uruguay,1
índice,1
cálida,1
hospitalidad,1
rotación,1
aplica,1
reglamento,1
zimbabwe,1
